X,Y,id
-2.437354155,53.5718666,1
-2.072431551,53.54090125,2
-2.249293379,53.47576965,3
-2.159119358,53.43340791,4
-2.085265196,53.39982639,5
-2.441788505,53.61037112,6
-2.43498145,53.54633218,7
-2.204862189,53.48125794,8
-2.290251335,53.46500656,9
-2.328956318,53.43085899,10
-2.392055432,53.44177467,11
-2.290030463,53.46495268,12
-2.440792678,53.61145843,13
-2.211491005,53.51013287,14
-2.235488321,53.47222747,15
-2.152304149,53.40280162,16
-2.101501765,53.40933449,17
-2.294061003,53.5687503,18
-2.307886692,53.5408692,19
-2.333328595,53.38105003,20
-2.308890935,53.44962561,21
-2.461761776,53.55790074,22
-2.199679458,53.43986261,23
-2.150443378,53.40315517,24
-2.113354066,53.457324,25
-2.332651765,53.4849492,26
-2.439570433,53.54907266,27
-2.032846525,53.56020962,28
-2.173638361,53.35428773,29
-2.442379798,53.57271886,30
-2.284944872,53.38467867,31
-2.106541892,53.54216568,32
-2.204635787,53.4566562,33
-2.194130681,53.44122446,34
-2.419985894,53.61708923,35
-2.250594456,53.47763448,36
-2.546881849,53.59931018,37
-2.151751539,53.51371031,38
-2.122290957,53.64766744,39
-2.262561674,53.50551289,40
-2.309146098,53.59423637,41
-2.464696679,53.56163368,42
-2.23610306,53.41497592,43
-2.330966058,53.48457248,44
-2.258922144,53.38179433,45
-2.223064928,53.48931648,46
-2.262579614,53.505616,47
-2.162629455,53.45424607,48
-2.418964684,53.61709589,49
-2.463722533,53.56293592,50
-2.258484128,53.38219136,51
-2.26155067,53.50569315,52
-2.012577826,53.55658534,53
-2.232440838,53.43848198,54
-2.272908713,53.47626801,55
-2.534165601,53.58981835,56
-2.155862074,53.55245277,57
-2.203174105,53.4247495,58
-2.465214984,53.56688963,59
-2.114452418,53.45934745,60
-2.136300563,53.40378236,61
-2.11701125,53.6395365,62
-2.222954345,53.47157399,63
-2.199860836,53.45340165,64
-2.534216531,53.58987039,65
-2.260734592,53.51295312,66
-2.10354282,53.40847296,67
-2.114786399,53.6402361,68
-2.149988181,53.51416115,69
-2.332020295,53.38185101,70
-2.117408722,53.3896848,71
-2.335171072,53.48463615,72
-2.144304959,53.40466072,73
-2.428350903,53.54452583,74
-2.407174238,53.57152451,75
-2.537167968,53.59063436,76
-2.365678787,53.5179818,77
-2.204180121,53.4687494,78
-2.501382891,53.57775093,79
-2.447561835,53.6063863,80
-2.295527719,53.57858984,81
-2.237570688,53.42888653,82
-2.21441395,53.51754139,83
-2.424908777,53.57128969,84
-2.233107838,53.42914384,85
-2.405638261,53.57188662,86
-2.308585395,53.44185812,87
-2.156392183,53.55499557,88
-2.33320492,53.39190688,89
-2.35976318,53.3722393,90
-2.213730552,53.5183511,91
-2.229759488,53.53263282,92
-2.205915494,53.47542443,93
-2.468661479,53.57859486,94
-2.002876003,53.56075651,95
-2.298534337,53.55442644,96
-2.503450685,53.56317594,97
-2.188920694,53.60068104,98
-2.408250696,53.57243951,99
-2.074038322,53.52932659,100
-2.370073286,53.51232014,101
-2.46569538,53.58913933,102
-2.338527678,53.62335871,103
-2.110309155,53.53250142,104
-2.241711299,53.48979369,105
-2.229774712,53.53259794,106
-2.190358848,53.36520899,107
-2.334382512,53.49060848,108
-2.291817898,53.41095461,109
-2.429171186,53.43919114,110
-2.465650326,53.57799117,111
-2.240784536,53.49152727,112
-2.206249739,53.47963651,113
-2.331807869,53.62368951,114
-2.312754775,53.44705381,115
-2.341235954,53.36901524,116
-2.43029935,53.60736202,117
-2.510801989,53.55756429,118
-2.340250832,53.36982293,119
-2.234188277,53.4277966,120
-2.186641231,53.49644441,121
-2.191660107,53.42260487,122
-2.198476034,53.45060653,123
-2.120852675,53.63688624,124
-2.206881248,53.45974064,125
-2.161386166,53.45646258,126
-2.288619345,53.46227013,127
-2.179358786,53.47915254,128
-2.202500728,53.35805254,129
-2.150038928,53.40131931,130
-2.264349153,53.52169468,131
-2.307882034,53.53966089,132
-2.125736054,53.53468473,133
-2.441697597,53.58284506,134
-2.459342427,53.58868222,135
-2.288943308,53.45210267,136
-2.217578491,53.3800287,137
-2.16352855,53.43453754,138
-2.151675541,53.51095309,139
-2.243171379,53.46821778,140
-2.422809974,53.61858316,141
-2.163439576,53.40896491,142
-2.237506612,53.5346042,143
-2.31006359,53.60162403,144
-2.199284553,53.35873985,145
-2.219001106,53.38180043,146
-2.160891651,53.63148612,147
-2.440848678,53.58304037,148
-2.411379559,53.57288855,149
-2.181179154,53.42408473,150
-2.213827526,53.52250815,151
-2.163520573,53.44971516,152
-2.196810436,53.47936357,153
-2.163201499,53.44965448,154
-2.202343864,53.44784262,155
-2.006756075,53.55590375,156
-2.425740569,53.59372469,157
-2.331368482,53.5638439,158
-2.333992132,53.39960023,159
-2.439473488,53.58222863,160
-2.336117141,53.40015262,161
-2.337059061,53.41797909,162
-2.377729837,53.3670757,163
-2.081774992,53.5451874,164
-2.217046215,53.48712597,165
-2.41434438,53.56564387,166
-2.164527541,53.39491098,167
-2.370869145,53.36880159,168
-2.251799842,53.44183776,169
-2.438833462,53.58176391,170
-2.367444899,53.36912867,171
-2.250259523,53.44210908,172
-2.16405254,53.39265104,173
-2.549355969,53.60245921,174
-2.207297497,53.49933544,175
-2.123746752,53.53213819,176
-2.112142875,53.45916299,177
-2.190810216,53.6130049,178
-2.111807221,53.45917491,179
-2.203464463,53.47795443,180
-2.123452324,53.53235694,181
-2.202310887,53.43981985,182
-2.537995784,53.58761892,183
-2.331132619,53.56215155,184
-2.429434919,53.43670732,185
-2.303182887,53.57018725,186
-2.122726143,53.63632607,187
-2.209576024,53.48862644,188
-2.202207901,53.4385917,189
-2.263832065,53.50536035,190
-2.077064441,53.5420742,191
-2.436186633,53.56877099,192
-2.370274889,53.536983,193
-2.211153735,53.48934342,194
-2.044168921,53.55348664,195
-2.20186271,53.43777309,196
-2.207971396,53.48930352,197
-2.413658423,53.57892693,198
-2.209400169,53.42029912,199
-2.204789581,53.45999787,200
-2.435758148,53.58122758,201
-2.038505004,53.39566412,202
-2.264980382,53.38106679,203
-2.291607682,53.45950022,204
-2.174218826,53.49936077,205
-2.162584205,53.39917815,206
-2.517665629,53.55739851,207
-2.229218227,53.46518318,208
-2.240444838,53.51424808,209
-2.137587328,53.45606239,210
-2.058051872,53.52216285,211
-2.171365448,53.45393075,212
-2.254193807,53.47230358,213
-2.292172063,53.52992473,214
-2.371914505,53.49294564,215
-2.346349545,53.49393089,216
-2.057461647,53.52157492,217
-2.235140278,53.43790471,218
-2.108433553,53.5397706,219
-2.234487281,53.41851614,220
-2.237213058,53.43788197,221
-2.235113076,53.43835599,222
-2.43020726,53.52273057,223
-2.406078854,53.58707486,224
-2.232157947,53.42033188,225
-2.2461435,53.38049466,226
-2.179583551,53.47676431,227
-2.005204637,53.58457685,228
-2.293685752,53.40014002,229
-2.442800626,53.60550998,230
-2.116164543,53.46080952,231
-2.012135464,53.58697281,232
-2.091142122,53.5828261,233
-2.165550153,53.41219495,234
-2.173523433,53.43157533,235
-2.340439319,53.41094681,236
-2.217127685,53.56382597,237
-2.235662102,53.46850158,238
-2.019686414,53.44254489,239
-2.199917327,53.48708797,240
-2.236331148,53.54187354,241
-2.234473007,53.46710643,242
-2.343735507,53.49178319,243
-2.5348638,53.5603653,244
-2.423308018,53.50171532,245
-2.206316608,53.46483539,246
-2.235862914,53.54105259,247
-2.104445809,53.63348631,248
-2.379395806,53.5118053,249
-2.432364095,53.60336746,250
-2.215022475,53.45714545,251
-2.142303983,53.51437845,252
-2.409963629,53.5621033,253
-2.34911211,53.49462371,254
-2.075940809,53.55921892,255
-2.097111294,53.58227309,256
-2.422247092,53.43368204,257
-2.197572785,53.61385963,258
-2.200282981,53.44431045,259
-2.432296152,53.60355322,260
-2.011131661,53.44008244,261
-2.405532478,53.54191202,262
-2.420048217,53.43549466,263
-2.168389936,53.45021253,264
-2.222000404,53.4656063,265
-2.544240447,53.60859764,266
-2.532420242,53.58759759,267
-2.375130228,53.51274309,268
-2.375092637,53.51308051,269
-2.115547129,53.36870264,270
-2.347625272,53.48179541,271
-2.27321571,53.47556846,272
-2.085014891,53.52648102,273
-2.187534958,53.42169758,274
-2.318619435,53.44822587,275
-2.263042178,53.43294374,276
-2.340776417,53.38500203,277
-2.262460752,53.43506985,278
-2.182102206,53.48823192,279
-2.435692573,53.60343412,280
-2.380753955,53.5437132,281
-2.29428607,53.45319763,282
-2.234559365,53.48670357,283
-2.524499589,53.56025723,284
-2.411285823,53.5765893,285
-2.166767928,53.40862809,286
-2.050864877,53.4836642,287
-2.264368309,53.4150205,288
-2.194708412,53.41853233,289
-2.264739845,53.51916583,290
-2.084777316,53.54120896,291
-2.214890964,53.46601862,292
-2.058764661,53.5202307,293
-2.06804468,53.39454456,294
-2.084188168,53.5420009,295
-2.247024343,53.51352469,296
-2.339917674,53.48648384,297
-2.297545113,53.5791445,298
-2.195418101,53.61247238,299
-2.194819236,53.61156545,300
-2.182810772,53.56541701,301
-2.168700293,53.41511225,302
-2.17228564,53.4761087,303
-2.167548317,53.41536717,304
-2.162192677,53.49119332,305
-2.488986225,53.58762503,306
-2.098590255,53.57984927,307
-2.219725441,53.4718333,308
-2.14351149,53.63179956,309
-2.449655971,53.56836242,310
-2.102045336,53.60113188,311
-2.076225248,53.55681118,312
-2.242096724,53.42781515,313
-2.315179771,53.52497597,314
-2.212459358,53.46333316,315
-2.098202006,53.57951239,316
-2.168892557,53.44547328,317
-2.446361798,53.5859128,318
-2.554454365,53.60310865,319
-2.2065402,53.42006932,320
-2.210104,53.45492439,321
-2.082975149,53.53577264,322
-2.24697475,53.37597052,323
-2.236200746,53.48422407,324
-2.095621637,53.58001626,325
-2.250394178,53.51347392,326
-2.132798456,53.54500185,327
-2.179451381,53.48591991,328
-2.415785274,53.56769382,329
-2.317591969,53.44219573,330
-2.099087557,53.39637148,331
-2.234425984,53.43103782,332
-2.082382943,53.53654932,333
-2.233660661,53.43144163,334
-2.207109858,53.44108,335
-2.085060852,53.55485547,336
-2.533819882,53.55499422,337
-2.187022491,53.48520628,338
-2.115295279,53.48231888,339
-2.254493936,53.39772743,340
-2.206694604,53.44127001,341
-2.098473256,53.60016612,342
-2.418280481,53.56821078,343
-2.446712163,53.5916813,344
-2.328602545,53.44938246,345
-2.243914998,53.4659817,346
-2.443843325,53.59176498,347
-2.165723473,53.40737826,348
-2.096524717,53.60037799,349
-2.290886117,53.52306002,350
-2.394016845,53.43155301,351
-2.209728819,53.41747062,352
-2.312511252,53.56718616,353
-2.471662156,53.5881914,354
-2.158722751,53.36592344,355
-2.457028492,53.53703739,356
-2.416381444,53.56548606,357
-2.454406952,53.54118868,358
-2.373353308,53.498703,359
-2.194396311,53.60044865,360
-2.185551749,53.48529744,361
-2.278596439,53.41409716,362
-2.043695978,53.48144965,363
-2.156152391,53.36369651,364
-2.3140989,53.43760244,365
-2.329018841,53.44569079,366
-2.288948061,53.52456187,367
-2.436422321,53.4287342,368
-2.22365961,53.51334155,369
-2.281212445,53.49507449,370
-2.290079229,53.47235192,371
-2.474282081,53.53534935,372
-2.252063686,53.43305843,373
-2.351908571,53.49104861,374
-2.171927745,53.52402694,375
-2.008770485,53.54090131,376
-2.166609148,53.40477269,377
-2.246282987,53.43015756,378
-2.126693686,53.38443112,379
-2.544171214,53.56199342,380
-2.114967667,53.63340437,381
-2.185184832,53.63228352,382
-2.329526126,53.52233136,383
-2.204232731,53.56296285,384
-2.114248742,53.63374,385
-2.082883698,53.55562651,386
-2.386789565,53.58861966,387
-2.107633401,53.60170586,388
-2.312971657,53.57371023,389
-2.562857365,53.59463729,390
-2.137561603,53.52661246,391
-2.472657873,53.58837093,392
-2.183707701,53.63065228,393
-2.384669961,53.58869843,394
-2.352248648,53.42721396,395
-2.173474353,53.52657966,396
-2.403373493,53.53505267,397
-2.449375652,53.594409,398
-2.46896366,53.58705189,399
-2.094766263,53.47727665,400
-2.03778512,53.54002894,401
-2.182315403,53.6297082,402
-2.125462449,53.59751211,403
-2.111818081,53.61823279,404
-2.383697866,53.58811168,405
-2.272102254,53.51647954,406
-2.006273438,53.53259262,407
-2.170638987,53.39308453,408
-2.245270801,53.39504507,409
-2.036360395,53.54120996,410
-2.123305312,53.60168612,411
-2.2102945,53.44025206,412
-2.193076567,53.55987553,413
-2.170213931,53.52153481,414
-2.218007545,53.4855329,415
-2.432891591,53.60003519,416
-2.4463913,53.59462797,417
-2.205541423,53.59199462,418
-2.34930671,53.42658347,419
-2.467024994,53.58798092,420
-2.299375786,53.45445076,421
-2.433333029,53.60087144,422
-2.244404739,53.41720698,423
-2.474414345,53.54748164,424
-2.177304442,53.47525569,425
-2.156438974,53.36263236,426
-2.066536885,53.47327588,427
-2.422424009,53.58798465,428
-2.203629694,53.55643717,429
-2.065480828,53.47362135,430
-2.02350659,53.53788125,431
-2.077503628,53.49533157,432
-2.207319181,53.59324391,433
-2.290141818,53.41298093,434
-2.379034257,53.49556199,435
-2.448941629,53.59544742,436
-2.347248331,53.3909901,437
-2.548631602,53.57273195,438
-2.134440593,53.53373116,439
-2.028876428,53.47132293,440
-2.129846501,53.61613735,441
-2.118716121,53.52561367,442
-2.024848778,53.52832173,443
-2.430496079,53.59790605,444
-2.173365849,53.50134575,445
-2.17020208,53.39739963,446
-2.163116022,53.37137409,447
-2.1166519,53.53019664,448
-2.222557848,53.39462669,449
-2.083163058,53.57929805,450
-2.328306992,53.52200794,451
-2.383139766,53.52056417,452
-2.156813049,53.62603171,453
-2.340386477,53.60881027,454
-2.351794453,53.48936298,455
-2.314480846,53.55431457,456
-2.546026244,53.57532468,457
-2.236658774,53.51385173,458
-2.419688664,53.5780456,459
-2.107404166,53.44399728,460
-2.083299379,53.49460243,461
-2.116820411,53.5307933,462
-2.242883122,53.46279233,463
-2.299271245,53.47213135,464
-2.325401457,53.43185495,465
-2.204070356,53.62334178,466
-2.244931436,53.46297596,467
-2.336778945,53.57518833,468
-2.082585695,53.49484846,469
-2.257491719,53.49585558,470
-2.116052689,53.53097596,471
-2.280187751,53.42009149,472
-2.263906247,53.52471234,473
-2.084540959,53.4734386,474
-2.092721094,53.57872444,475
-2.174303051,53.50475857,476
-2.247951925,53.43212445,477
-2.418569756,53.57686654,478
-2.333926971,53.57253886,479
-2.341592803,53.45028497,480
-2.487190186,53.54416181,481
-2.084143111,53.49502457,482
-2.267926409,53.4688621,483
-2.254348642,53.49636187,484
-2.084368477,53.47404175,485
-2.343984864,53.41498854,486
-2.078932017,53.50909745,487
-2.486968416,53.54949133,488
-2.344065382,53.41602596,489
-2.329223284,53.43974578,490
-2.249596711,53.49297258,491
-2.077455099,53.50191516,492
-2.331254602,53.44611976,493
-2.07669387,53.55117758,494
-2.332016377,53.44727623,495
-2.376012407,53.54334632,496
-2.215329115,53.46152631,497
-2.164525136,53.36581724,498
-2.246707298,53.51081201,499
-2.116966487,53.52823425,500
-2.175893173,53.52344517,501
-2.076230936,53.50296005,502
-2.43520187,53.56792831,503
-2.297335767,53.4644983,504
-2.340219363,53.61661609,505
-2.222557308,53.37550561,506
-2.106543322,53.58372119,507
-2.310334177,53.5206107,508
-2.268309461,53.53255426,509
-2.50498788,53.55156012,510
-2.315583436,53.5646684,511
-2.338497622,53.60781344,512
-2.04068454,53.45106307,513
-2.247357036,53.51214998,514
-2.207655511,53.61958436,515
-2.040419502,53.52149593,516
-2.065086758,53.38781418,517
-2.074784301,53.49474277,518
-2.031025798,53.49454375,519
-2.201022462,53.47446611,520
-2.135921922,53.53444324,521
-2.23223683,53.39580854,522
-2.295172038,53.41145175,523
-2.302659434,53.48074861,524
-2.16910964,53.41809642,525
-2.116505193,53.54366738,526
-2.206608435,53.61894699,527
-2.037757285,53.4505076,528
-2.412803087,53.53656033,529
-2.311331676,53.46259178,530
-2.210836941,53.45496023,531
-2.261563242,53.45777245,532
-2.386073468,53.52367957,533
-2.086478068,53.55073971,534
-2.026550404,53.46902459,535
-2.336437434,53.56796811,536
-2.177811501,53.52023399,537
-2.520199666,53.58616449,538
-2.25205247,53.42403648,539
-2.431731962,53.56577263,540
-2.27881113,53.50226378,541
-2.384022284,53.52280299,542
-2.001818757,53.53484833,543
-2.265445742,53.54473986,544
-2.126715516,53.52774858,545
-2.246545049,53.47091261,546
-2.399213437,53.42975887,547
-2.03729387,53.52252535,548
-2.246496868,53.46912861,549
-2.406061363,53.58614394,550
-2.317959025,53.55410741,551
-2.252008016,53.5117304,552
-2.432036988,53.59856399,553
-2.011097716,53.53775029,554
-2.518075545,53.58623152,555
-2.176287949,53.5216105,556
-2.544984458,53.54300759,557
-2.176355663,53.52202547,558
-2.279408489,53.50366971,559
-2.373882513,53.50868825,560
-2.516662409,53.5858419,561
-2.404973912,53.58618952,562
-2.1592858,53.6253809,563
-2.294919818,53.41433506,564
-2.06034516,53.39148523,565
-2.038679598,53.49096935,566
-2.112211684,53.45409575,567
-2.167776547,53.46749633,568
-2.343519555,53.61473127,569
-2.064130762,53.47183957,570
-2.35922411,53.52376112,571
-2.170090596,53.4046447,572
-2.166445245,53.46755228,573
-2.56952183,53.57671843,574
-2.458040018,53.5826089,575
-2.208588894,53.59393261,576
-2.091798943,53.46889997,577
-2.345534929,53.39320029,578
-2.195401494,53.55639418,579
-2.360234793,53.4857803,580
-2.069896342,53.50051078,581
-2.233285433,53.37253333,582
-2.402467867,53.42692242,583
-2.133269744,53.42793754,584
-2.212295465,53.59544118,585
-2.341840493,53.55656728,586
-2.158726718,53.32987931,587
-2.341290656,53.55586512,588
-2.459410939,53.58288409,589
-2.086327585,53.57299097,590
-2.212010822,53.59342007,591
-2.239526348,53.50968727,592
-2.115180234,53.58446193,593
-2.131123038,53.42791336,594
-2.212246393,53.59544322,595
-2.05878731,53.3835785,596
-2.030567637,53.45855785,597
-2.195064607,53.55670675,598
-2.429694941,53.5326947,599
-2.340791743,53.51960545,600
-2.341769737,53.58942719,601
-2.239424371,53.5097823,602
-2.451520062,53.56691216,603
-2.327113878,53.55522617,604
-2.087794547,53.50221483,605
-2.440962346,53.59487133,606
-2.201102273,53.62874329,607
-2.116123269,53.54026038,608
-2.447435105,53.58952413,609
-2.123418694,53.6136227,610
-2.173569209,53.40251014,611
-2.336786747,53.51993867,612
-2.179954255,53.50838947,613
-2.35021902,53.38965513,614
-2.130270143,53.38982634,615
-2.216540395,53.37832856,616
-2.304959778,53.48105072,617
-2.091262766,53.49342651,618
-2.08888825,53.46695486,619
-2.215516601,53.5106327,620
-2.345444955,53.45038224,621
-2.373698949,53.4885722,622
-2.153796248,53.48454079,623
-2.348513701,53.60585182,624
-2.348862982,53.38882912,625
-1.995721061,53.55088761,626
-2.222166112,53.45991776,627
-2.014587112,53.46070145,628
-2.437857607,53.59508001,629
-2.095267246,53.57461725,630
-2.332880235,53.51849011,631
-2.251602385,53.4059826,632
-2.09995808,53.58197486,633
-2.100617753,53.58195567,634
-2.449581156,53.56531426,635
-2.199012636,53.54771974,636
-2.323304681,53.45444369,637
-2.050618811,53.53191406,638
-2.010644247,53.57350093,639
-2.05036306,53.53543504,640
-2.426138218,53.53205627,641
-2.192221409,53.62840128,642
-2.135500739,53.53286828,643
-2.19383943,53.6281404,644
-2.391559061,53.52264911,645
-2.507976802,53.55118588,646
-2.034718081,53.4883681,647
-2.087317514,53.46931712,648
-2.37949162,53.53073559,649
-2.249928558,53.39124344,650
-2.012909202,53.46377389,651
-2.321580138,53.45409231,652
-2.073018512,53.45546303,653
-2.14276214,53.62468349,654
-2.30531603,53.46312922,655
-2.174607871,53.5163584,656
-2.247685026,53.37234698,657
-2.424466222,53.58345271,658
-2.256648432,53.46528724,659
-2.077669113,53.50067508,660
-2.053939212,53.37603215,661
-2.235047003,53.45841594,662
-2.247029995,53.39359278,663
-2.056426024,53.3786486,664
-2.254736819,53.42564903,665
-2.235304116,53.45791451,666
-2.141970433,53.62450822,667
-2.2437632,53.37245874,668
-2.213438822,53.62070118,669
-2.056874999,53.37925564,670
-2.14183871,53.48344614,671
-2.529468322,53.58221835,672
-2.163887969,53.4583704,673
-2.248455704,53.42688403,674
-2.067996406,53.36701664,675
-1.993233031,53.54187298,676
-2.384474677,53.54345695,677
-2.254000687,53.46642417,678
-2.422522247,53.53256475,679
-2.385535564,53.543527,680
-2.349073223,53.51805464,681
-2.351287111,53.41650729,682
-2.544362741,53.60547664,683
-2.079102587,53.50040935,684
-2.126773982,53.61453893,685
-2.227200265,53.50849717,686
-2.139167982,53.5299643,687
-2.254703466,53.37196868,688
-2.2115654,53.62679132,689
-2.258469058,53.49141499,690
-2.050514499,53.41564201,691
-2.022214578,53.51797611,692
-2.100895879,53.58082863,693
-2.07805881,53.46945181,694
-2.208459523,53.55606559,695
-2.320140442,53.47474286,696
-2.275422296,53.49708997,697
-2.285217724,53.49662567,698
-2.275021687,53.49765419,699
-2.415359359,53.53099032,700
-2.302706871,53.45460336,701
-2.076500694,53.47055053,702
-2.078023142,53.5008488,703
-2.346867398,53.51813374,704
-2.205597132,53.54723239,705
-2.045625157,53.48396077,706
-2.17791897,53.51517038,707
-2.264495072,53.46691899,708
-2.242000315,53.39158826,709
-2.027224073,53.57051891,710
-2.405058287,53.58364736,711
-2.355121068,53.61240351,712
-2.27453421,53.497315,713
-2.451977392,53.59457064,714
-2.394467462,53.52254648,715
-2.382247489,53.54680743,716
-2.054783244,53.44011269,717
-2.240420594,53.39420339,718
-2.114746075,53.58143262,719
-2.536178373,53.6017139,720
-2.428129087,53.58113389,721
-2.356160634,53.48400405,722
-2.051878788,53.57945683,723
-2.207051781,53.60585876,724
-2.266956092,53.46835871,725
-2.392934888,53.52288447,726
-2.257108647,53.36886859,727
-2.203312005,53.5529177,728
-2.246500055,53.48942324,729
-2.386139788,53.54840927,730
-2.355681664,53.48401647,731
-2.13440955,53.38783325,732
-2.253118004,53.40306635,733
-2.426250625,53.58108601,734
-2.181466106,53.51284368,735
-2.166401216,53.46991975,736
-2.309694764,53.46398284,737
-2.246198535,53.50750857,738
-2.402957876,53.53209445,739
-2.360501262,53.63099153,740
-2.081494387,53.45268982,741
-2.278049963,53.46880369,742
-2.020447497,53.49020969,743
-2.067779588,53.5026484,744
-2.091835605,53.49013792,745
-2.242884122,53.45597396,746
-2.30274293,53.49748298,747
-2.111983813,53.52737882,748
-2.300647574,53.42078791,749
-2.106749138,53.60817014,750
-2.06598526,53.50307859,751
-2.520631086,53.54837228,752
-2.033503651,53.53703002,753
-2.167406027,53.46332577,754
-2.401968796,53.53028018,755
-2.474915986,53.58070155,756
-2.14039706,53.48471062,757
-2.241748889,53.45598041,758
-2.228587871,53.48501585,759
-2.16722975,53.46343791,760
-2.192254071,53.55266821,761
-2.353622355,53.44938269,762
-2.452454358,53.58052341,763
-2.302449785,53.49732467,764
-2.041245757,53.37342498,765
-2.310161122,53.49698172,766
-2.182948637,53.55088612,767
-2.111603803,53.52734892,768
-2.35728673,53.42802165,769
-2.251999182,53.46593671,770
-2.12199294,53.4568186,771
-2.464809009,53.58432187,772
-2.192576604,53.55355856,773
-2.145149394,53.62663563,774
-2.052031742,53.47291161,775
-2.188408219,53.55369782,776
-2.172195538,53.39217169,777
-2.045007076,53.45021532,778
-2.075049088,53.48648211,779
-2.287267955,53.50100664,780
-2.181940261,53.50570879,781
-2.138822104,53.52730399,782
-2.285449225,53.48980191,783
-2.424977982,53.58231668,784
-2.355169046,53.48141418,785
-2.101447374,53.45164919,786
-2.302622765,53.49638433,787
-2.181004087,53.54897662,788
-2.351851887,53.45135464,789
-2.394496792,53.51893829,790
-2.424942786,53.58178962,791
-2.176842349,53.62402776,792
-2.042319817,53.51392943,793
-2.253587584,53.50780826,794
-2.154748405,53.60836311,795
-2.090789843,53.5029561,796
-2.430691612,53.53199561,797
-2.353640288,53.4516314,798
-2.265981703,53.49645676,799
-2.280650981,53.48979738,800
-2.265532642,53.49817566,801
-2.254074444,53.50807771,802
-2.37926469,53.59657119,803
-2.071718701,53.45195235,804
-2.394232992,53.52062436,805
-2.249358271,53.46553465,806
-2.47156063,53.61033287,807
-2.083587408,53.36663443,808
-2.422870293,53.56275819,809
-2.475545498,53.61171035,810
-2.422209832,53.58295086,811
-2.327637412,53.45567897,812
-2.273810116,53.37001163,813
-2.184663896,53.51973841,814
-2.100113318,53.57921366,815
-2.518090382,53.54028228,816
-2.420788825,53.52956205,817
-2.080862716,53.49351681,818
-2.221555921,53.62704081,819
-2.350464324,53.38217758,820
-2.258052916,53.48990361,821
-2.234019515,53.45606797,822
-2.139502737,53.53942507,823
-2.174668179,53.55644734,824
-2.086033842,53.5433507,825
-2.236691557,53.48341788,826
-2.118326623,53.44488375,827
-2.252385689,53.39027736,828
-2.236524676,53.50917436,829
-2.061218926,53.45302464,830
-2.196546573,53.6263104,831
-2.520834106,53.55405461,832
-2.256150624,53.39023606,833
-2.13938804,53.39823368,834
-2.098647172,53.57017741,835
-2.169708946,53.46492067,836
-2.323996082,53.45397509,837
-2.356779259,53.44463233,838
-2.354636262,53.42605179,839
-2.301947342,53.42381951,840
-2.34716198,53.57834082,841
-2.357301999,53.44673184,842
-2.238311256,53.63023632,843
-2.519800388,53.55459261,844
-2.234077348,53.48304128,845
-2.061229067,53.46611388,846
-2.310335856,53.4544659,847
-2.149034173,53.48392401,848
-2.435051273,53.56254542,849
-2.099789427,53.49778216,850
-2.352020636,53.38905123,851
-2.138668682,53.38752,852
-2.13832857,53.38804868,853
-2.452523813,53.58164097,854
-2.124447437,53.57417391,855
-2.116023987,53.6106817,856
-2.034460437,53.51506523,857
-2.261923406,53.48978438,858
-2.451122411,53.5817749,859
-2.091283356,53.54796799,860
-2.164172632,53.55213218,861
-2.180313363,53.4457645,862
-2.26856724,53.52474795,863
-2.310417419,53.45559168,864
-2.433075536,53.56348728,865
-2.059818558,53.57186606,866
-2.169441092,53.55235066,867
-2.279160039,53.49620337,868
-2.058130029,53.57311537,869
-2.309114327,53.49757441,870
-2.216648477,53.62780729,871
-2.269311402,53.52640806,872
-2.214161882,53.43836643,873
-2.168650671,53.47501487,874
-2.347523815,53.42262329,875
-2.360827629,53.48021177,876
-2.076721361,53.466185,877
-2.140236178,53.54385215,878
-2.182467305,53.54623242,879
-2.102707174,53.52433946,880
-2.214874148,53.6243612,881
-2.214363756,53.62765039,882
-2.141970805,53.5384628,883
-2.087756253,53.53839929,884
-2.179308035,53.44866617,885
-2.062986644,53.44278608,886
-2.351298623,53.39618694,887
-2.161658195,53.48078937,888
-2.26972072,53.52831006,889
-2.183294866,53.55247141,890
-2.061074781,53.44110765,891
-2.268231852,53.49811831,892
-2.164886117,53.4721733,893
-2.07752713,53.49849911,894
-2.17148957,53.39721619,895
-2.179375547,53.38823028,896
-2.387681041,53.58180021,897
-2.162789912,53.60796946,898
-2.353930182,53.48033008,899
-2.348888333,53.3971107,900
-2.086950365,53.53748204,901
-2.284673405,53.4865273,902
-2.108752052,53.60963866,903
-2.124036768,53.58119379,904
-2.284494779,53.62544496,905
-2.069789351,53.48668305,906
-2.132643651,53.60968617,907
-2.183673232,53.52621772,908
-2.198696013,53.55079218,909
-2.358438291,53.44961624,910
-2.389817886,53.52408736,911
-2.086535589,53.54950608,912
-2.269407019,53.46473442,913
-2.157887545,53.42065977,914
-2.454101941,53.59217205,915
-2.335186254,53.54827602,916
-2.069348284,53.46205431,917
-2.141600492,53.54468887,918
-2.15868762,53.48087201,919
-2.331438882,53.46129687,920
-1.993424594,53.58043999,921
-2.500779363,53.57983163,922
-2.357191993,53.44863253,923
-2.257967542,53.46383065,924
-2.305745231,53.42255332,925
-2.39347833,53.42487776,926
-2.50219439,53.58086988,927
-2.518145684,53.53519228,928
-2.188958202,53.39065893,929
-2.078660365,53.49032516,930
-2.309711532,53.41692517,931
-2.141784301,53.3886368,932
-2.173294251,53.39421132,933
-2.09405442,53.48676007,934
-1.999484924,53.56560289,935
-2.134442563,53.38964275,936
-2.056168439,53.48383101,937
-2.191534527,53.5091611,938
-2.274247684,53.53425309,939
-2.272816069,53.53436048,940
-2.139214976,53.43107082,941
-2.13500109,53.42319063,942
-2.142922865,53.53819151,943
-2.264160156,53.40378831,944
-2.134025041,53.42317081,945
-2.385674414,53.59508464,946
-2.105787756,53.45066238,947
-2.056506476,53.48388864,948
-2.171617138,53.54434281,949
-2.141765546,53.48201361,950
-2.451233868,53.58747061,951
-2.089853328,53.49878764,952
-2.053778195,53.48484807,953
-2.315942291,53.58977816,954
-2.403384728,53.51509391,955
-2.133959819,53.61219555,956
-2.392712102,53.54495264,957
-2.349089637,53.56296727,958
-2.245430958,53.66332914,959
-2.334482646,53.47776179,960
-2.063226822,53.43963535,961
-2.392736993,53.54391529,962
-2.086572653,53.54647901,963
-2.262797195,53.40738935,964
-2.495802467,53.579195,965
-2.38404949,53.58335395,966
-2.162893735,53.38988888,967
-2.132566061,53.61220445,968
-2.106473469,53.5246571,969
-2.166590531,53.54250728,970
-2.250747168,53.50664061,971
-2.099398181,53.57257259,972
-2.29184454,53.60936079,973
-2.392016614,53.54489412,974
-2.352572271,53.56466738,975
-2.362302984,53.4493285,976
-2.43631745,53.52823804,977
-2.063173209,53.45192919,978
-2.339717368,53.51195614,979
-2.436195824,53.52548331,980
-2.286797058,53.492963,981
-2.312792301,53.42100572,982
-2.269563169,53.36686925,983
-2.218220401,53.44446692,984
-2.544235487,53.59429287,985
-2.271073086,53.5227097,986
-2.293612807,53.4932463,987
-2.18573798,53.55151362,988
-2.029111206,53.50347661,989
-2.110057017,53.41981151,990
-2.153505662,53.60672016,991
-2.025208234,53.50373676,992
-2.434916024,53.53602435,993
-2.435665975,53.53218276,994
-2.45515106,53.59091727,995
-2.135295232,53.6218905,996
-2.137254363,53.45252975,997
-2.33844563,53.51422927,998
-2.226116765,53.39039856,999
-2.184161862,53.44302021,1000
-2.276541559,53.46174088,1001
-2.309305402,53.4205879,1002
-2.304250567,53.66251759,1003
-2.059756821,53.48822343,1004
-2.330667236,53.45525621,1005
-2.33644367,53.45541303,1006
-2.353350947,53.47778541,1007
-2.319021951,53.5928026,1008
-2.244556939,53.58710744,1009
-2.439407886,53.41396738,1010
-2.123493019,53.52198827,1011
-2.412769379,53.57940562,1012
-2.365715174,53.47962453,1013
-2.084801003,53.48648638,1014
-2.029641437,53.50037709,1015
-2.234904761,53.50577112,1016
-2.245411272,53.58878986,1017
-2.298430304,53.50543548,1018
-2.12072095,53.42369301,1019
-2.078337491,53.44786204,1020
-2.303984652,53.65258956,1021
-2.126100958,53.4781507,1022
-2.12530085,53.47915278,1023
-2.058699352,53.43205197,1024
-2.253716292,53.38577972,1025
-2.088738064,53.53802253,1026
-2.229512201,53.48280789,1027
-2.124612293,53.47936167,1028
-2.12343608,53.47970847,1029
-2.192796682,53.51313749,1030
-2.45620394,53.5887788,1031
-2.456254432,53.58960536,1032
-2.242192872,53.58908712,1033
-2.319652474,53.6005392,1034
-2.209473694,53.54912804,1035
-2.172328657,53.47078823,1036
-2.402879739,53.5248608,1037
-2.291656277,53.48783743,1038
-2.136902508,53.61528416,1039
-2.307866775,53.50994121,1040
-2.12226457,53.48002205,1041
-2.146798054,53.54395911,1042
-2.07814639,53.46472173,1043
-2.357429234,53.40247148,1044
-2.424829109,53.56375332,1045
-2.178240106,53.54248192,1046
-2.138907378,53.45147932,1047
-2.424185634,53.56302475,1048
-2.189283299,53.50583566,1049
-2.339781498,53.50892016,1050
-2.177914483,53.5423518,1051
-2.130168705,53.52158986,1052
-2.218084155,53.45214371,1053
-2.419549283,53.57980381,1054
-2.137009661,53.61543526,1055
-2.393195325,53.54316103,1056
-2.155568275,53.47897477,1057
-2.364127384,53.56133602,1058
-2.167288509,53.60557513,1059
-2.523260477,53.53249382,1060
-2.3705699,53.47634905,1061
-2.176659589,53.40338307,1062
-2.191846215,53.50659591,1063
-2.145982007,53.546141,1064
-2.234601927,53.56801871,1065
-2.085768806,53.49027406,1066
-2.118072906,53.57116045,1067
-2.233684657,53.4807474,1068
-2.159761303,53.47988818,1069
-2.176675685,53.62356923,1070
-2.440673726,53.42455602,1071
-2.175747324,53.40368558,1072
-2.406048574,53.51293498,1073
-2.148095536,53.53655,1074
-2.087495257,53.54433434,1075
-2.023408899,53.50311943,1076
-2.085095205,53.4875593,1077
-2.156797562,53.51038352,1078
-2.145490547,53.39454751,1079
-2.142204612,53.4522786,1080
-2.001343198,53.46108843,1081
-2.270390381,53.4585804,1082
-2.540085801,53.59334785,1083
-2.307335787,53.50882158,1084
-2.094616094,53.48186312,1085
-2.378904775,53.57971734,1086
-2.161504812,53.60480212,1087
-2.124771141,53.56891084,1088
-2.176046887,53.62232828,1089
-2.184654593,53.44092027,1090
-2.393909881,53.5490689,1091
-2.220746874,53.44509884,1092
-2.123520569,53.56975462,1093
-2.120874198,53.57008779,1094
-2.17607848,53.62284365,1095
-2.133420013,53.52016294,1096
-2.405495617,53.52110806,1097
-2.360010889,53.40609376,1098
-2.272841484,53.53017589,1099
-2.523830467,53.55479339,1100
-2.111494471,53.56693805,1101
-2.254279229,53.58988239,1102
-2.405023969,53.52063184,1103
-2.251854096,53.59021364,1104
-2.194159187,53.51358329,1105
-2.144686952,53.53342901,1106
-2.103561463,53.45100525,1107
-2.271946672,53.52994558,1108
-2.296542116,53.48513886,1109
-2.278156207,53.52541803,1110
-2.164483387,53.55096474,1111
-2.249891872,53.45437376,1112
-2.183553661,53.44529407,1113
-2.173753749,53.60540856,1114
-2.394466185,53.54267435,1115
-2.102636267,53.45108088,1116
-2.214373381,53.58614342,1117
-2.165209879,53.55121884,1118
-2.307914194,53.52005418,1119
-2.249655719,53.45565897,1120
-2.373864932,53.44883625,1121
-2.304985251,53.49885667,1122
-2.243827311,53.59356194,1123
-2.170437824,53.46266536,1124
-2.18092005,53.41579161,1125
-2.062934847,53.46082991,1126
-2.213986743,53.42073405,1127
-2.212299374,53.58719199,1128
-2.095847095,53.48707975,1129
-2.306810668,53.49906181,1130
-2.157757158,53.622335,1131
-2.078954882,53.48109298,1132
-2.17276661,53.4636857,1133
-2.089596069,53.54020905,1134
-2.217716127,53.45263272,1135
-2.145709394,53.4795273,1136
-2.149276085,53.53136097,1137
-2.523755741,53.59853174,1138
-2.223472927,53.48091648,1139
-2.403720032,53.50912375,1140
-2.174743742,53.60770373,1141
-2.194723238,53.50748221,1142
-2.137044833,53.52000075,1143
-2.173801589,53.60785304,1144
-2.212288874,53.42022116,1145
-2.173837833,53.55050338,1146
-2.393367534,53.60482165,1147
-2.341464759,53.51796631,1148
-2.310158408,53.50031462,1149
-2.245262201,53.45338123,1150
-2.167264073,53.41726638,1151
-2.150704002,53.53185479,1152
-2.216236256,53.59404831,1153
-2.092940968,53.48998588,1154
-2.176475859,53.45927419,1155
-2.068456132,53.43794906,1156
-2.335802561,53.45855329,1157
-2.261375355,53.35683609,1158
-2.070277866,53.43782785,1159
-2.392758017,53.5500256,1160
-2.229075062,53.38724119,1161
-2.167136159,53.41786495,1162
-2.448527513,53.56155572,1163
-2.057690552,53.48041841,1164
-2.152456816,53.44639655,1165
-2.273432285,53.45187687,1166
-2.083412203,53.66874795,1167
-2.214126049,53.43090168,1168
-2.090472822,53.53903092,1169
-2.149801112,53.393887,1170
-2.246059274,53.36215146,1171
-2.2739476,53.45213518,1172
-2.336979678,53.45972092,1173
-2.448599764,53.5597583,1174
-2.394469852,53.60606731,1175
-2.166728985,53.60467452,1176
-2.055020259,53.48061968,1177
-2.165494104,53.60488739,1178
-2.248514942,53.36289372,1179
-2.175213234,53.60273575,1180
-2.381294481,53.46040286,1181
-2.096950628,53.48872936,1182
-2.177452926,53.4611287,1183
-2.082183441,53.45756685,1184
-2.085179925,53.43349231,1185
-2.165574567,53.42006772,1186
-2.299097782,53.48527256,1187
-2.246858141,53.50367612,1188
-2.19095154,53.53677902,1189
-2.105284411,53.56945931,1190
-2.280341096,53.53454687,1191
-2.1652099,53.4178069,1192
-2.38217378,53.44734801,1193
-2.525771833,53.54862843,1194
-2.24578486,53.50437666,1195
-2.136751191,53.5934649,1196
-2.218482938,53.35866688,1197
-2.18717715,53.44487741,1198
-2.143781766,53.50762307,1199
-2.164230491,53.420064,1200
-2.444839763,53.55912847,1201
-2.217639154,53.36265589,1202
-2.282717526,53.60298488,1203
-2.16338397,53.41747242,1204
-2.17506574,53.59033965,1205
-2.310476724,53.50165353,1206
-2.128087523,53.56494683,1207
-2.394131636,53.59535694,1208
-2.341376316,53.48120611,1209
-2.540571215,53.59212218,1210
-2.090628548,53.48791186,1211
-2.092421724,53.44479361,1212
-2.082968157,53.47941407,1213
-2.419660598,53.52478075,1214
-2.138558613,53.51941212,1215
-2.154946276,53.50758373,1216
-2.136698098,53.51939823,1217
-2.228985484,53.36083601,1218
-2.298971368,53.4836392,1219
-2.155480549,53.5082633,1220
-2.19246486,53.52565903,1221
-2.408615765,53.51119305,1222
-2.163074166,53.38176796,1223
-2.253180189,53.45485036,1224
-2.153809171,53.60538617,1225
-2.428595225,53.41775252,1226
-2.315611448,53.60471431,1227
-2.221633929,53.44377547,1228
-2.314191339,53.50074885,1229
-2.166407604,53.61951044,1230
-2.146303671,53.44234688,1231
-2.080811449,53.47947734,1232
-2.32082865,53.60518536,1233
-2.081940682,53.45630125,1234
-2.460321895,53.6167385,1235
-2.240347004,53.4542112,1236
-2.080932815,53.47975421,1237
-2.450587019,53.56760363,1238
-2.079666015,53.66622309,1239
-2.081861361,53.45675314,1240
-2.23453892,53.50558423,1241
-2.296538108,53.38828518,1242
-2.300327187,53.48682871,1243
-2.14934534,53.52957348,1244
-2.081116888,53.44692764,1245
-2.085412727,53.4892286,1246
-2.205773243,53.59138362,1247
-2.162071527,53.50847825,1248
-2.207624768,53.53703599,1249
-2.447181819,53.42271567,1250
-2.153006738,53.39929097,1251
-2.080018632,53.44313738,1252
-2.323526565,53.60685493,1253
-2.103618988,53.51741661,1254
-2.220909341,53.44432629,1255
-2.164988928,53.62050199,1256
-2.178654334,53.40770453,1257
-2.111249358,53.54628156,1258
-2.345544751,53.51171113,1259
-2.274667438,53.54317567,1260
-2.279053281,53.37784977,1261
-2.292643922,53.60116052,1262
-2.089717154,53.53712975,1263
-2.411845548,53.52341529,1264
-2.292235302,53.60121755,1265
-2.21324301,53.58988654,1266
-2.078847585,53.48861254,1267
-2.342317418,53.46290508,1268
-2.152702113,53.43579012,1269
-2.22500067,53.50474575,1270
-2.288209936,53.6027021,1271
-2.204919982,53.53868402,1272
-2.122861411,53.41649914,1273
-2.53098711,53.59051872,1274
-2.341621465,53.46208846,1275
-2.2945175,53.48939402,1276
-2.083176468,53.47902808,1277
-2.219857123,53.45228841,1278
-2.145434057,53.43761043,1279
-2.217482103,53.55934119,1280
-2.203490733,53.5388628,1281
-2.160521925,53.50680579,1282
-2.412008521,53.52442724,1283
-2.099020379,53.43299722,1284
-2.091201098,53.53976432,1285
-2.193419429,53.5119102,1286
-2.219319357,53.58686638,1287
-2.213115759,53.59073683,1288
-2.523736979,53.54130116,1289
-2.395846359,53.45590189,1290
-2.071808957,53.45625846,1291
-2.292277916,53.40470337,1292
-2.212737679,53.59095122,1293
-2.445330959,53.41972847,1294
-2.23073176,53.5663499,1295
-2.20235791,53.53558205,1296
-2.185646683,53.41500374,1297
-2.105206553,53.56210198,1298
-2.286621614,53.60297894,1299
-2.171757577,53.37902219,1300
-2.526528661,53.54182399,1301
-2.299893734,53.49087502,1302
-2.171730406,53.37928537,1303
-2.169783751,53.60457802,1304
-2.143428618,53.60628872,1305
-2.109483421,53.5628698,1306
-2.342505234,53.46560916,1307
-2.187420599,53.44019356,1308
-2.525961273,53.54336717,1309
-2.273380979,53.43789811,1310
-2.42159953,53.55939378,1311
-2.152217825,53.37317931,1312
-2.448601379,53.42691673,1313
-2.474715018,53.59181101,1314
-2.151164527,53.6201939,1315
-2.28169045,53.38016832,1316
-2.182538859,53.47352257,1317
-2.451732876,53.56503243,1318
-2.153398286,53.37556356,1319
-2.36374689,53.4792818,1320
-2.183285993,53.47365746,1321
-2.152635585,53.53397018,1322
-2.056295004,53.48867523,1323
-2.453706782,53.56138826,1324
-2.318201945,53.64805569,1325
-2.277387694,53.36660218,1326
-2.453857256,53.56154927,1327
-2.387885448,53.45389748,1328
-2.217395586,53.59568499,1329
-2.262003227,53.60171964,1330
-2.191069391,53.41524578,1331
-2.247025769,53.45996871,1332
-2.413401396,53.52156589,1333
-2.316112344,53.42543914,1334
-2.196095249,53.37735852,1335
-2.450809769,53.56232196,1336
-2.303077214,53.399867,1337
-2.319375307,53.64518081,1338
-2.111159558,53.56593849,1339
-2.448022849,53.55828358,1340
-2.417631287,53.5224125,1341
-2.160234866,53.47463213,1342
-2.222209895,53.43686958,1343
-2.451858059,53.56248335,1344
-2.527802917,53.53644834,1345
-2.220999654,53.59368019,1346
-2.318060258,53.50641486,1347
-2.194547474,53.37882005,1348
-2.453839177,53.55923364,1349
-2.267550839,53.45352868,1350
-2.128303887,53.47287134,1351
-2.36931577,53.5621498,1352
-2.418981455,53.55548703,1353
-2.190503769,53.37828804,1354
-2.153591249,53.39603325,1355
-2.347627577,53.45308499,1356
-2.196835481,53.37859533,1357
-2.34571788,53.45368274,1358
-2.070545278,53.44577617,1359
-2.305226584,53.39418079,1360
-2.289615856,53.59369947,1361
-2.399756072,53.54075417,1362
-2.398982866,53.54131079,1363
-2.277664601,53.59401922,1364
-2.300688836,53.39425598,1365
-2.09202987,53.54480888,1366
-2.141743536,53.52790465,1367
-2.374275515,53.56268913,1368
-2.151940205,53.39385277,1369
-2.28239593,53.37995054,1370
-2.080309751,53.43969634,1371
-2.405594208,53.60439454,1372
-2.112187321,53.41877821,1373
-2.262936533,53.40616318,1374
-2.095573773,53.42702608,1375
-2.216762463,53.42120699,1376
-2.219298574,53.59175248,1377
-2.197729665,53.51088732,1378
-2.34736089,53.47936985,1379
-2.297822669,53.49290459,1380
-2.141478597,53.4744176,1381
-2.38110006,53.47731746,1382
-2.417435946,53.50173727,1383
-2.302427287,53.48521842,1384
-2.199189049,53.37981016,1385
-2.255685936,53.50315354,1386
-2.405423763,53.45413826,1387
-2.224910209,53.59897183,1388
-2.093106338,53.47820425,1389
-2.062876561,53.48737913,1390
-2.303507043,53.4849809,1391
-2.528901092,53.54792346,1392
-2.459181115,53.59274999,1393
-2.399316337,53.53496505,1394
-2.156123971,53.45395169,1395
-2.358967812,53.39842729,1396
-2.273790267,53.55882554,1397
-2.090847357,53.42672851,1398
-2.393089153,53.53751721,1399
-2.161829699,53.53536316,1400
-2.436038178,53.59448855,1401
-2.374454681,53.57896504,1402
-2.113128564,53.54533682,1403
-2.172012518,53.53720759,1404
-2.224259481,53.59955778,1405
-2.180269227,53.45747713,1406
-2.415952738,53.50371133,1407
-2.391263193,53.53855232,1408
-2.148734447,53.41684308,1409
-2.407835406,53.55627669,1410
-2.356068817,53.3965643,1411
-2.187765714,53.3800642,1412
-2.122963087,53.4733248,1413
-2.293625415,53.57960871,1414
-2.314645777,53.40768803,1415
-2.107141077,53.49681199,1416
-2.312553995,53.41205045,1417
-2.312059007,53.40793429,1418
-2.36529371,53.4036202,1419
-2.277557724,53.44325726,1420
-2.137717542,53.50771563,1421
-2.365297893,53.40381737,1422
-2.270222884,53.39299816,1423
-2.280681219,53.5974288,1424
-2.435293144,53.59529573,1425
-2.346846195,53.48101945,1426
-2.2618231,53.48371563,1427
-2.095443411,53.53233593,1428
-2.305712377,53.40369648,1429
-2.398392375,53.54943264,1430
-2.120608428,53.47346385,1431
-2.369466988,53.56534136,1432
-2.408802416,53.4621766,1433
-2.235310659,53.50161055,1434
-2.105605777,53.64886164,1435
-2.197174671,53.53361867,1436
-2.322961372,53.64413955,1437
-2.179860312,53.61959604,1438
-2.361225773,53.47608226,1439
-2.345739967,53.47126078,1440
-2.160598124,53.60015113,1441
-2.162831684,53.54468327,1442
-2.324676868,53.50441337,1443
-2.323766978,53.64864741,1444
-2.076665702,53.47976127,1445
-2.194049953,53.3763921,1446
-2.413166327,53.45224349,1447
-2.369618251,53.56751755,1448
-2.141257353,53.59004708,1449
-2.348153813,53.47676542,1450
-2.327016761,53.50583047,1451
-2.129152507,53.56366902,1452
-2.251178194,53.48447957,1453
-2.30457353,53.49583079,1454
-2.302575206,53.40006077,1455
-2.278172803,53.43896966,1456
-2.207589115,53.43799153,1457
-2.329193128,53.58596604,1458
-2.065865582,53.47672212,1459
-2.089511818,53.42394929,1460
-2.255942122,53.45077022,1461
-2.200505978,53.51586598,1462
-2.408733284,53.45289192,1463
-2.400243405,53.53061404,1464
-2.353673324,53.51348954,1465
-2.372190705,53.56978882,1466
-2.531864002,53.54012667,1467
-2.408283135,53.45281845,1468
-2.361594934,53.47673405,1469
-2.199246873,53.51560898,1470
-2.531728354,53.54034622,1471
-2.078054488,53.43719623,1472
-2.142858837,53.592793,1473
-2.193533508,53.40065984,1474
-2.156617977,53.52950809,1475
-2.069143063,53.47794755,1476
-2.278204658,53.36610864,1477
-2.222154671,53.59317412,1478
-2.156372348,53.53034376,1479
-2.221651278,53.59292546,1480
-2.300950524,53.4926516,1481
-2.157438013,53.47420616,1482
-2.407600228,53.55394122,1483
-2.094616383,53.5375929,1484
-2.166899535,53.61714934,1485
-2.42919491,53.59418636,1486
-2.195133408,53.41034326,1487
-2.15807229,53.47416042,1488
-2.224092384,53.59008958,1489
-2.426294572,53.578923,1490
-2.428908736,53.59510543,1491
-2.281827458,53.59628777,1492
-2.531557367,53.54583612,1493
-2.190276214,53.46738467,1494
-2.155718538,53.41440812,1495
-2.132717849,53.47558189,1496
-2.094017311,53.53757853,1497
-2.222097411,53.4333479,1498
-2.071593925,53.43878952,1499
-2.195601757,53.5302105,1500
-2.264736584,53.39119769,1501
-2.188188931,53.46822828,1502
-2.267416466,53.39143649,1503
-2.402964759,53.55493828,1504
-2.463624998,53.59191942,1505
-2.258644735,53.59940103,1506
-2.146779377,53.6065927,1507
-2.251660271,53.50002535,1508
-2.366814684,53.38046988,1509
-2.292054245,53.59092553,1510
-2.279197804,53.44720031,1511
-2.239267271,53.45273496,1512
-2.165989711,53.61486067,1513
-2.153483236,53.52449454,1514
-2.353241176,53.47602466,1515
-2.434504179,53.57749393,1516
-2.224623273,53.41877299,1517
-2.453602005,53.56785062,1518
-2.085142813,53.47756386,1519
-2.100573265,53.49558457,1520
-2.329597953,53.58771069,1521
-2.363537002,53.37923417,1522
-2.209531311,53.58386041,1523
-2.32043181,53.64867996,1524
-2.278850106,53.59961308,1525
-2.102420027,53.42284226,1526
-2.157730363,53.44974729,1527
-2.120006232,53.56212455,1528
-2.288216928,53.53452204,1529
-2.160216801,53.41305703,1530
-2.351943724,53.51765558,1531
-2.320222663,53.42512328,1532
-2.327549724,53.51697701,1533
-2.402376005,53.61157952,1534
-2.148700958,53.61544256,1535
-2.108512353,53.49000651,1536
-2.280180196,53.59287887,1537
-2.455594328,53.55996589,1538
-2.138575693,53.55692306,1539
-2.228919111,53.45615634,1540
-2.278980312,53.44939108,1541
-2.326551397,53.51651671,1542
-2.319457527,53.42799999,1543
-2.218159908,53.47614481,1544
-2.197007911,53.41350892,1545
-2.298172057,53.36358808,1546
-2.228637236,53.45668565,1547
-2.201980758,53.52706651,1548
-2.297917483,53.36352384,1549
-2.324327175,53.64444495,1550
-2.326424116,53.51879919,1551
-2.431333282,53.57852696,1552
-2.427651698,53.59453841,1553
-2.203099575,53.51371723,1554
-2.156971405,53.46914139,1555
-2.402029509,53.54552016,1556
-2.2282738,53.45657326,1557
-2.279044129,53.44549916,1558
-2.254592849,53.48228408,1559
-2.289257351,53.59996093,1560
-2.278461663,53.4463358,1561
-2.195443983,53.41670491,1562
-2.306820085,53.49275982,1563
-2.058708283,53.54320539,1564
-2.246628753,53.49978509,1565
-2.445418907,53.59289326,1566
-2.27578137,53.55357135,1567
-2.190287214,53.45661134,1568
-2.379930837,53.4724155,1569
-2.236155249,53.45110523,1570
-2.225233025,53.59398172,1571
-2.281494456,53.59351185,1572
-2.127557975,53.64719534,1573
-2.437903749,53.57816312,1574
-2.148067043,53.60473525,1575
-2.470113432,53.55893042,1576
-2.308128406,53.48682421,1577
-2.078614684,53.47716111,1578
-2.306797756,53.4869448,1579
-2.14743485,53.60625625,1580
-2.078308369,53.47636069,1581
-2.15840663,53.43765835,1582
-2.269985589,53.44916633,1583
-2.136092879,53.54779112,1584
-2.15608121,53.52608869,1585
-2.310141235,53.39412059,1586
-2.381169371,53.55900446,1587
-2.201052478,53.43671718,1588
-2.407724114,53.55477457,1589
-2.160108191,53.46954979,1590
-2.175717241,53.52925676,1591
-2.119429506,53.56147707,1592
-2.363591693,53.3830641,1593
-2.294063222,53.58371767,1594
-2.177933842,53.59132823,1595
-2.354715475,53.50897522,1596
-2.307611076,53.39537759,1597
-2.134232436,53.49182567,1598
-2.270218657,53.45148376,1599
-2.147832297,53.60973461,1600
-2.225787279,53.41818021,1601
-2.186935194,53.44174197,1602
-2.227302531,53.41711189,1603
-2.204305756,53.3740568,1604
-2.367486663,53.4757746,1605
-2.228641957,53.59968372,1606
-2.269393979,53.45201224,1607
-2.409110109,53.61183172,1608
-2.065243557,53.538857,1609
-2.202992966,53.37241893,1610
-2.130060048,53.49013993,1611
-2.123336672,53.67243021,1612
-2.281007991,53.44619841,1613
-2.32229513,53.42916228,1614
-2.275672476,53.39930556,1615
-2.151859823,53.40924542,1616
-2.228265199,53.59963874,1617
-2.120833627,53.54779394,1618
-2.128708615,53.49062336,1619
-2.164735131,53.4670941,1620
-2.227976072,53.59988778,1621
-2.30618897,53.48270287,1622
-2.190003209,53.44895354,1623
-2.088719966,53.66314588,1624
-2.181455294,53.59371249,1625
-2.190586088,53.44957698,1626
-2.059814589,53.53998959,1627
-2.334694308,53.58639509,1628
-2.143274628,53.52060279,1629
-2.222661502,53.403981,1630
-2.257709462,53.44754009,1631
-2.103864041,53.48442053,1632
-2.179990111,53.59168353,1633
-2.160251964,53.39849435,1634
-2.349625598,53.47038585,1635
-2.118929875,53.52828886,1636
-2.392065195,53.45202766,1637
-2.317144706,53.49460447,1638
-2.454866265,53.56524613,1639
-2.31692154,53.38861034,1640
-2.285167006,53.43783638,1641
-2.191423444,53.44720126,1642
-2.06178383,53.53806227,1643
-2.176658953,53.61399175,1644
-2.093568991,53.54734815,1645
-2.174238868,53.59808848,1646
-2.174733697,53.58416053,1647
-2.473706963,53.57931729,1648
-2.245626688,53.48264436,1649
-2.191933347,53.45773028,1650
-2.096057655,53.54783534,1651
-2.320483232,53.4154452,1652
-2.104711254,53.4687154,1653
-2.303133073,53.3622344,1654
-2.38809494,53.44811642,1655
-2.410273711,53.61021301,1656
-2.006676128,53.4036867,1657
-2.218417189,53.58574524,1658
-2.317974713,53.3944027,1659
-2.330198173,53.51735757,1660
-2.101107823,53.49000713,1661
-2.444972493,53.57614272,1662
-2.276972232,53.40067482,1663
-2.323687921,53.42459989,1664
-2.452009881,53.55750819,1665
-2.287389368,53.43784497,1666
-2.317485974,53.49396931,1667
-2.323705093,53.42549648,1668
-2.455696013,53.5752312,1669
-2.204255343,53.51141025,1670
-2.456373739,53.56113974,1671
-2.063973942,53.54647575,1672
-2.284952114,53.55307734,1673
-2.226053045,53.58902006,1674
-2.266807819,53.44734002,1675
-2.289674667,53.54478424,1676
-2.373230935,53.49705882,1677
-2.001624391,53.39856684,1678
-2.444253321,53.57684956,1679
-2.117710121,53.53264373,1680
-2.275847747,53.38862406,1681
-2.086030904,53.47652219,1682
-2.375142345,53.39245394,1683
-2.216449167,53.49812704,1684
-2.291839484,53.54503584,1685
-2.205621767,53.41336434,1686
-2.296522549,53.59339988,1687
-2.274028822,53.38905518,1688
-2.10515006,53.48943804,1689
-2.353921968,53.50287756,1690
-2.140564214,53.41582277,1691
-2.10578804,53.48950467,1692
-2.084847615,53.41722177,1693
-2.159267382,53.45360122,1694
-2.167069101,53.5917991,1695
-2.269075855,53.47995024,1696
-2.24167105,53.4945829,1697
-2.160579588,53.46702764,1698
-2.351686475,53.50197018,1699
-2.475270167,53.57326526,1700
-2.240308593,53.49410593,1701
-2.102302658,53.48756025,1702
-2.15496922,53.6131168,1703
-2.310229555,53.36783187,1704
-2.336848209,53.51111991,1705
-2.288013375,53.59681108,1706
-2.158886855,53.45462949,1707
-2.061348557,53.54280578,1708
-2.212102424,53.49478668,1709
-2.19199975,53.44556259,1710
-2.186260427,53.43711154,1711
-2.159653988,53.46864428,1712
-2.394815073,53.58011029,1713
-2.33069045,53.63555095,1714
-2.107095421,53.51635041,1715
-2.349968029,53.49882488,1716
-2.349832118,53.49894654,1717
-2.319478966,53.49300785,1718
-2.314577109,53.4003425,1719
-2.356403745,53.51798295,1720
-2.24690202,53.48055768,1721
-2.281754232,53.5510053,1722
-2.134054016,53.58443682,1723
-2.10035546,53.53787696,1724
-2.146277008,53.62233655,1725
-2.166745977,53.35584505,1726
-2.281999504,53.55107998,1727
-2.285419141,53.59222309,1728
-2.121365655,53.54730871,1729
-2.337180875,53.51179311,1730
-2.330614172,53.63596039,1731
-2.175780996,53.48261376,1732
-2.063237072,53.54546305,1733
-2.24770558,53.48109581,1734
-2.201385803,53.39328733,1735
-2.140748455,53.5561328,1736
-2.099855167,53.53720358,1737
-2.197737958,53.37062877,1738
-2.317213802,53.40122729,1739
-2.335290363,53.51233446,1740
-2.228642221,53.42441929,1741
-2.095905821,53.64496417,1742
-2.423438789,53.57429189,1743
-2.104428619,53.4622493,1744
-2.316678276,53.38186734,1745
-2.396780011,53.55724487,1746
-2.442835941,53.59167514,1747
-2.126904793,53.51655385,1748
-2.282575508,53.47902248,1749
-2.201879818,53.51520415,1750
-2.317605527,53.3817291,1751
-2.106156698,53.46222549,1752
-2.229752442,53.44353012,1753
-2.147944312,53.6017921,1754
-2.081073098,53.41424827,1755
-2.064035076,53.53332751,1756
-2.216213312,53.37771787,1757
-2.063996611,53.53662511,1758
-2.080988559,53.41808453,1759
-2.336287355,53.51516232,1760
-2.062931232,53.53625645,1761
-2.164663772,53.61126221,1762
-2.062054968,53.53619071,1763
-2.06211912,53.53229826,1764
-2.323269234,53.48604839,1765
-2.231165748,53.59090338,1766
-2.166440279,53.34696662,1767
-2.205102329,53.43272164,1768
-2.20737105,53.51635659,1769
-2.231491616,53.5892922,1770
-2.144192299,53.40636379,1771
-2.257002285,53.54859686,1772
-2.328049709,53.50258116,1773
-2.251758133,53.47867589,1774
-2.438077593,53.5908628,1775
-2.161132803,53.51782051,1776
-2.319979326,53.41169107,1777
-2.231448202,53.43890971,1778
-2.380103434,53.41145645,1779
-2.220632959,53.49436951,1780
-2.1615893,53.46500827,1781
-2.168206946,53.6113336,1782
-2.412978527,53.54774272,1783
-2.360125589,53.51033896,1784
-2.456927801,53.56060345,1785
-2.411496062,53.61765027,1786
-2.284164014,53.45618124,1787
-2.193865074,53.46045399,1788
-2.417872926,53.44906143,1789
-2.215633282,53.52293015,1790
-2.205859279,53.51468564,1791
-2.277803076,53.4074077,1792
-2.250290383,53.44882554,1793
-2.237594442,53.49394816,1794
-2.442750455,53.6318354,1795
-2.099177683,53.54156146,1796
-2.355751957,53.46279266,1797
-2.151949939,53.62084238,1798
-2.168426462,53.48441112,1799
-2.147161007,53.62073313,1800
-2.3208591,53.40084289,1801
-2.355003009,53.4605353,1802
-2.281108515,53.39710949,1803
-2.157285347,53.57818367,1804
-2.070719396,53.54455743,1805
-2.148973871,53.62136155,1806
-2.177446811,53.35800483,1807
-2.105978688,53.5131348,1808
-2.259848114,53.54910855,1809
-2.25317294,53.47891399,1810
-2.166950131,53.46285673,1811
-2.12201595,53.54205871,1812
-2.245439203,53.49216187,1813
-2.435661701,53.62711514,1814
-2.252303969,53.47875798,1815
-2.126257321,53.55984774,1816
-2.121713446,53.54397146,1817
-2.070949193,53.54523296,1818
-2.106493579,53.48620083,1819
-2.17015817,53.48273854,1820
-2.107157412,53.37031827,1821
-2.473681413,53.56266424,1822
-2.36410075,53.53515363,1823
-2.179954854,53.35978153,1824
-2.192326557,53.46614687,1825
-2.407365312,53.5472437,1826
-2.098984556,53.53701993,1827
-2.068311038,53.54578933,1828
-2.141556634,53.40892188,1829
-2.406579567,53.54994233,1830
-2.407322218,53.54902104,1831
-2.217120129,53.53333956,1832
-2.444616451,53.62902199,1833
-2.082912921,53.64718487,1834
-2.401501242,53.57875717,1835
-2.327331223,53.48992608,1836
-2.177958058,53.48336921,1837
-2.228524539,53.52132208,1838
-2.230046436,53.41738407,1839
-2.230203023,53.47527355,1840
-2.195524234,53.46743687,1841
-2.167486764,53.63521927,1842
-2.235334507,53.58918083,1843
-2.319668778,53.55657314,1844
-2.232789074,53.58921163,1845
-2.193246913,53.44690589,1846
-2.335607934,53.6307602,1847
-2.165146486,53.63432981,1848
-2.193046183,53.44670329,1849
-2.3657756,53.51937085,1850
-2.325004537,53.37977392,1851
-2.419619146,53.60549648,1852
-2.278879975,53.47788003,1853
-2.151627057,53.40912644,1854
-2.19283545,53.44680401,1855
-2.177650106,53.4844402,1856
-2.423302389,53.54891966,1857
-2.319726155,53.55699907,1858
-2.236149083,53.59426347,1859
-2.090064335,53.6247287,1860
-2.318823264,53.38044783,1861
-2.322448702,53.55706278,1862
-2.435261676,53.62258729,1863
-2.404421011,53.38327072,1864
-2.220913103,53.47410353,1865
-2.220433673,53.52298281,1866
-2.122494806,53.53108339,1867
-2.107315635,53.37752723,1868
-2.152916305,53.55216695,1869
-2.203186015,53.47368701,1870
-2.18539789,53.62290769,1871
-2.150851074,53.51586468,1872
-2.153686712,53.61204074,1873
-2.098854294,53.54337576,1874
-2.423661932,53.44457604,1875
-2.201071401,53.43019527,1876
-2.159131815,53.45523552,1877
-2.123193334,53.55627102,1878
-2.288738878,53.59054008,1879
-2.487009715,53.58118111,1880
-2.08842467,53.62840855,1881
-2.322658054,53.55891125,1882
-2.237695162,53.59230087,1883
-2.160635889,53.45584062,1884
-2.162031603,53.45823847,1885
-2.154869286,53.5539851,1886
-2.160732195,53.45585371,1887
-2.105879705,53.50328314,1888
-2.196572713,53.64286914,1889
-2.445482238,53.59103116,1890
-2.421155979,53.44392181,1891
-2.306690659,53.44797664,1892
-2.067575197,53.5353362,1893
-2.290755638,53.57911957,1894
-2.183013614,53.42940101,1895
-2.097129268,53.60823974,1896
-2.42154197,53.44537813,1897
-2.189784142,53.64271405,1898
-2.368450146,53.53619951,1899
-2.158126808,53.44514157,1900
-2.231959184,53.41444169,1901
-2.20468243,53.57920738,1902
-2.182989156,53.35890334,1903
-2.292864746,53.54356812,1904
-2.289103494,53.58368653,1905
-2.488501205,53.57643627,1906
-2.182375555,53.42737284,1907
-2.207070051,53.41194312,1908
-2.160321009,53.45857887,1909
-2.323725961,53.39382174,1910
-2.26407404,53.44691889,1911
-2.197967554,53.46623006,1912
-2.288156305,53.58257195,1913
-2.169461493,53.48161792,1914
-2.159896217,53.61158532,1915
-2.321086422,53.5557541,1916
-2.326215095,53.37384361,1917
-2.234021775,53.51804125,1918
-2.312039638,53.62870023,1919
-2.210124479,53.51603708,1920
-2.263818717,53.44696333,1921
-2.291352201,53.54386289,1922
-2.428594448,53.57581197,1923
-2.295577935,53.60528538,1924
-2.187106422,53.36821597,1925
-2.105574784,53.54258183,1926
-2.319173879,53.5557341,1927
-2.125698507,53.46007075,1928
-2.493411985,53.57108351,1929
-2.325288866,53.41752294,1930
-2.325322269,53.41734572,1931
-2.112015424,53.38137771,1932
-2.307303831,53.44679707,1933
-2.155216617,53.6385795,1934
-2.176936362,53.42706552,1935
-2.33103708,53.49248621,1936
-2.111293347,53.38406455,1937
-2.161286684,53.43699069,1938
-2.077032167,53.62085861,1939
-2.201085174,53.39779604,1940
-2.368726583,53.54592202,1941
-2.436777915,53.62229627,1942
-2.20829644,53.5159065,1943
-2.166294136,53.49622234,1944
-2.12622692,53.55003503,1945
-2.193915012,53.48471079,1946
-2.241217631,53.52139084,1947
-2.106715123,53.50405382,1948
-2.239080226,53.52454222,1949
-2.410501985,53.54785749,1950
-2.434063794,53.57314935,1951
-2.199961105,53.46717923,1952
-2.240851449,53.51957858,1953
-2.308643003,53.44257801,1954
-2.284051042,53.4714738,1955
-2.409023252,53.54886294,1956
-2.436211171,53.57232095,1957
-2.110152242,53.41040518,1958
-2.110708742,53.41047234,1959
-2.593317081,53.60311177,1960
-2.088787386,53.60333151,1961
-2.125267842,53.53530382,1962
-2.414245962,53.60008978,1963
-2.113933532,53.37559526,1964
-2.178587314,53.61063444,1965
-2.308114855,53.44349995,1966
-2.177106948,53.60977181,1967
-2.431889687,53.54565521,1968
-2.04722396,53.40416426,1969
-2.259714383,53.49984028,1970
-2.073574813,53.5379916,1971
-2.110665551,53.37388468,1972
-2.196901527,53.48074771,1973
-2.289411395,53.55798642,1974
-2.371031006,53.54694254,1975
-2.233726911,53.44329571,1976
-2.198150781,53.45078941,1977
-2.200127167,53.45664546,1978
-2.153983286,53.45849523,1979
-2.1071973,53.46655339,1980
-2.430148461,53.54720017,1981
-2.244237732,53.52094498,1982
-2.166573154,53.49486874,1983
-2.155468512,53.5490949,1984
-2.207675724,53.48278902,1985
-2.285506126,53.39448376,1986
-2.41311709,53.59304212,1987
-2.111889771,53.64212903,1988
-2.330826127,53.41920512,1989
-2.500980181,53.56483021,1990
-2.092118335,53.59960818,1991
-2.20888488,53.51246611,1992
-2.13105084,53.57153,1993
-2.091887715,53.60390498,1994
-2.438932359,53.57375273,1995
-2.110740595,53.64195985,1996
-2.113688254,53.39692279,1997
-2.412398693,53.59234454,1998
-2.220872647,53.51874846,1999
-2.406404953,53.5608228,2000
